timestamp,pnl,positions
2025-04-09T00:02:24.517538,0.0,{'BOND': 0}
2025-04-09T00:02:24.772755,0.0,{'BOND': 0}
2025-04-09T00:02:25.028614,0.0,{'BOND': 0}
2025-04-09T00:02:25.284086,0.0,{'BOND': 0}
2025-04-09T00:02:25.539814,0.0,{'BOND': 0}
2025-04-09T00:02:25.794864,0.0,{'BOND': 0}
2025-04-09T00:02:26.050196,0.0,{'BOND': 0}
2025-04-09T00:02:26.305139,0.0,{'BOND': 0}
2025-04-09T00:02:26.560219,0.0,{'BOND': 0}
2025-04-09T00:02:26.815314,0.0,{'BOND': 0}
2025-04-09T00:02:27.070524,0.0,{'BOND': 0}
2025-04-09T00:02:27.325612,0.0,{'BOND': 0}
2025-04-09T00:02:27.580520,0.0,{'BOND': 0}
2025-04-09T00:02:27.835391,0.0,{'BOND': 0}
2025-04-09T00:02:28.091673,0.0,{'BOND': 0}
2025-04-09T00:02:28.346879,0.0,{'BOND': 0}
2025-04-09T00:02:28.601190,0.0,{'BOND': 0}
2025-04-09T00:02:28.857219,0.0,{'BOND': 0}
2025-04-09T00:02:29.112446,0.0,{'BOND': 0}
2025-04-09T00:02:29.367590,0.0,{'BOND': 0}
2025-04-09T00:02:29.621669,0.0,{'BOND': 0}
2025-04-09T00:02:29.876637,0.0,{'BOND': 0}
2025-04-09T00:02:30.132108,0.0,{'BOND': 0}
2025-04-09T00:02:30.385579,0.0,{'BOND': 0}
2025-04-09T00:02:30.640230,0.0,{'BOND': 0}
2025-04-09T00:02:30.896270,0.0,{'BOND': 0}
2025-04-09T00:02:31.150446,0.0,{'BOND': 0}
2025-04-09T00:02:31.404440,0.0,{'BOND': 0}
2025-04-09T00:02:31.660020,0.0,{'BOND': 0}
2025-04-09T00:02:31.915206,0.0,{'BOND': 0}
2025-04-09T00:02:32.170686,0.0,{'BOND': 0}
2025-04-09T00:02:32.426802,0.0,{'BOND': 0}
2025-04-09T00:02:32.682869,0.0,{'BOND': 0}
2025-04-09T00:02:32.937801,0.0,{'BOND': 0}
2025-04-09T00:02:33.193464,0.0,{'BOND': 0}
2025-04-09T00:02:33.448614,0.0,{'BOND': 0}
2025-04-09T00:02:33.703984,0.0,{'BOND': 0}
2025-04-09T00:02:33.958662,0.0,{'BOND': 0}
2025-04-09T00:02:34.212378,0.0,{'BOND': 0}
2025-04-09T00:02:34.466723,0.0,{'BOND': 0}
2025-04-09T00:02:34.721556,0.0,{'BOND': 0}
2025-04-09T00:02:34.975964,0.0,{'BOND': 0}
2025-04-09T00:02:35.230389,0.0,{'BOND': 0}
2025-04-09T00:02:35.485046,0.0,{'BOND': 0}
2025-04-09T00:02:35.740918,0.0,{'BOND': 0}
2025-04-09T00:02:35.996359,0.0,{'BOND': 0}
2025-04-09T00:02:36.249699,0.0,{'BOND': 0}
2025-04-09T00:02:36.504043,0.0,{'BOND': 0}
2025-04-09T00:02:36.758252,0.0,{'BOND': 0}
2025-04-09T00:02:37.013265,0.0,{'BOND': 0}
2025-04-09T00:02:37.268610,0.0,{'BOND': 0}
2025-04-09T00:02:37.523752,0.0,{'BOND': 0}
2025-04-09T00:02:37.778959,0.0,{'BOND': 0}
2025-04-09T00:02:38.033871,0.0,{'BOND': 0}
2025-04-09T00:02:38.288821,0.0,{'BOND': 0}
2025-04-09T00:02:38.544061,0.0,{'BOND': 0}
2025-04-09T00:02:38.799183,0.0,{'BOND': 0}
2025-04-09T00:02:39.053570,0.0,{'BOND': 0}
2025-04-09T00:02:39.308113,0.0,{'BOND': 0}
2025-04-09T00:02:39.562800,0.0,{'BOND': 0}
2025-04-09T00:02:39.818552,0.0,{'BOND': 0}
2025-04-09T00:02:40.074032,0.0,{'BOND': 0}
2025-04-09T00:02:40.328164,0.0,{'BOND': 0}
2025-04-09T00:02:40.583608,0.0,{'BOND': 0}
2025-04-09T00:02:40.838760,0.0,{'BOND': 0}
2025-04-09T00:02:41.094015,0.0,{'BOND': 0}
2025-04-09T00:02:41.348247,0.0,{'BOND': 0}
2025-04-09T00:02:41.602201,0.0,{'BOND': 0}
2025-04-09T00:02:41.857192,0.0,{'BOND': 0}
2025-04-09T00:02:42.112153,0.0,{'BOND': 0}
2025-04-09T00:02:42.367456,0.0,{'BOND': 0}
2025-04-09T00:02:42.621565,0.0,{'BOND': 0}
2025-04-09T00:02:42.875782,0.0,{'BOND': 0}
2025-04-09T00:02:43.131113,0.0,{'BOND': 0}
2025-04-09T00:02:43.386083,0.0,{'BOND': 0}
2025-04-09T00:02:43.640966,0.0,{'BOND': 0}
2025-04-09T00:02:43.895732,0.0,{'BOND': 0}
2025-04-09T00:02:44.151189,0.0,{'BOND': 0}
2025-04-09T00:02:44.406513,0.0,{'BOND': 0}
2025-04-09T00:02:44.661469,0.0,{'BOND': 0}
2025-04-09T00:02:44.915225,0.0,{'BOND': 0}
2025-04-09T00:02:45.169024,0.0,{'BOND': 0}
2025-04-09T00:02:45.423325,0.0,{'BOND': 0}
2025-04-09T00:02:45.678368,0.0,{'BOND': 0}
2025-04-09T00:02:45.933316,0.0,{'BOND': 0}
2025-04-09T00:02:46.186882,0.0,{'BOND': 0}
2025-04-09T00:02:46.441966,0.0,{'BOND': 0}
2025-04-09T00:02:46.697109,0.0,{'BOND': 0}
2025-04-09T00:02:46.952330,0.0,{'BOND': 0}
2025-04-09T00:02:47.208286,0.0,{'BOND': 0}
2025-04-09T00:02:47.462812,0.0,{'BOND': 0}
2025-04-09T00:02:47.719247,0.0,{'BOND': 0}
2025-04-09T00:02:47.975740,0.0,{'BOND': 0}
2025-04-09T00:02:48.230974,0.0,{'BOND': 0}
2025-04-09T00:02:48.485990,0.0,{'BOND': 0}
2025-04-09T00:02:48.740915,0.0,{'BOND': 0}
2025-04-09T00:02:48.995590,0.0,{'BOND': 0}
2025-04-09T00:02:49.250414,0.0,{'BOND': 0}
2025-04-09T00:02:49.504436,0.0,{'BOND': 0}
2025-04-09T00:02:49.757951,0.0,{'BOND': 0}
2025-04-09T00:02:50.013153,0.0,{'BOND': 0}
2025-04-09T00:02:50.268232,0.0,{'BOND': 0}
2025-04-09T00:02:50.522457,0.0,{'BOND': 0}
2025-04-09T00:02:50.775754,0.0,{'BOND': 0}
2025-04-09T00:02:51.031683,0.0,{'BOND': 0}
2025-04-09T00:02:51.286029,0.0,{'BOND': 0}
2025-04-09T00:02:51.540551,0.0,{'BOND': 0}
2025-04-09T00:02:51.796481,0.0,{'BOND': 0}
2025-04-09T00:02:52.049631,0.0,{'BOND': 0}
2025-04-09T00:02:52.304332,0.0,{'BOND': 0}
2025-04-09T00:02:52.558966,0.0,{'BOND': 0}
2025-04-09T00:02:52.813168,0.0,{'BOND': 0}
2025-04-09T00:02:53.067746,0.0,{'BOND': 0}
2025-04-09T00:02:53.322544,0.0,{'BOND': 0}
2025-04-09T00:02:53.577319,0.0,{'BOND': 0}
2025-04-09T00:02:53.832566,0.0,{'BOND': 0}
2025-04-09T00:02:54.087423,0.0,{'BOND': 0}
2025-04-09T00:02:54.340252,0.0,{'BOND': 0}
2025-04-09T00:02:54.595206,0.0,{'BOND': 0}
2025-04-09T00:02:54.849105,0.0,{'BOND': 0}
2025-04-09T00:02:55.103471,0.0,{'BOND': 0}
2025-04-09T00:02:55.356847,0.0,{'BOND': 0}
2025-04-09T00:02:55.611135,0.0,{'BOND': 0}
2025-04-09T00:02:55.864830,0.0,{'BOND': 0}
2025-04-09T00:02:56.118862,0.0,{'BOND': 0}
2025-04-09T00:02:56.372162,0.0,{'BOND': 0}
2025-04-09T00:02:56.626202,0.0,{'BOND': 0}
2025-04-09T00:02:56.879625,0.0,{'BOND': 0}
2025-04-09T00:02:57.134813,0.0,{'BOND': 0}
2025-04-09T00:02:57.389654,0.0,{'BOND': 0}
2025-04-09T00:02:57.642516,0.0,{'BOND': 0}
2025-04-09T00:02:57.895631,0.0,{'BOND': 0}
2025-04-09T00:02:58.148970,0.0,{'BOND': 0}
2025-04-09T00:02:58.403114,0.0,{'BOND': 0}
2025-04-09T00:02:58.658379,0.0,{'BOND': 0}
2025-04-09T00:02:58.913459,0.0,{'BOND': 0}
2025-04-09T00:02:59.168074,0.0,{'BOND': 0}
2025-04-09T00:02:59.424141,0.0,{'BOND': 0}
2025-04-09T00:02:59.678719,0.0,{'BOND': 0}
2025-04-09T00:02:59.934013,0.0,{'BOND': 0}
2025-04-09T00:03:00.189060,0.0,{'BOND': 0}
2025-04-09T00:03:00.442718,0.0,{'BOND': 0}
2025-04-09T00:03:00.697159,0.0,{'BOND': 0}
2025-04-09T00:03:00.951133,0.0,{'BOND': 0}
2025-04-09T00:03:01.204719,0.0,{'BOND': 0}
2025-04-09T00:03:01.459810,0.0,{'BOND': 0}
2025-04-09T00:03:01.714827,0.0,{'BOND': 0}
2025-04-09T00:03:01.969119,0.0,{'BOND': 0}
2025-04-09T00:03:02.223921,0.0,{'BOND': 0}
2025-04-09T00:03:02.478852,0.0,{'BOND': 0}
2025-04-09T00:03:02.733695,0.0,{'BOND': 0}
2025-04-09T00:03:02.987623,0.0,{'BOND': 0}
2025-04-09T00:03:03.243434,0.0,{'BOND': 0}
2025-04-09T00:03:03.498983,0.0,{'BOND': 0}
2025-04-09T00:03:03.753229,0.0,{'BOND': 0}
2025-04-09T00:03:04.009381,0.0,{'BOND': 0}
2025-04-09T00:03:04.265487,0.0,{'BOND': 0}
2025-04-09T00:03:04.520415,0.0,{'BOND': 0}
2025-04-09T00:03:04.775145,0.0,{'BOND': 0}
2025-04-09T00:03:05.031085,0.0,{'BOND': 0}
2025-04-09T00:03:05.285129,0.0,{'BOND': 0}
2025-04-09T00:03:05.540815,0.0,{'BOND': 0}
2025-04-09T00:03:05.796087,0.0,{'BOND': 0}
2025-04-09T00:03:06.053410,0.0,{'BOND': 0}
2025-04-09T00:03:06.307899,0.0,{'BOND': 0}
2025-04-09T00:03:06.562877,0.0,{'BOND': 0}
2025-04-09T00:03:06.818853,0.0,{'BOND': 0}
2025-04-09T00:03:07.075650,0.0,{'BOND': 0}
2025-04-09T00:03:07.329487,0.0,{'BOND': 0}
2025-04-09T00:03:07.583854,0.0,{'BOND': 0}
2025-04-09T00:03:07.839051,0.0,{'BOND': 0}
2025-04-09T00:03:08.094173,0.0,{'BOND': 0}
2025-04-09T00:03:08.349182,0.0,{'BOND': 0}
2025-04-09T00:03:08.604140,0.0,{'BOND': 0}
2025-04-09T00:03:08.857643,0.0,{'BOND': 0}
2025-04-09T00:03:09.112530,0.0,{'BOND': 0}
2025-04-09T00:03:09.368581,0.0,{'BOND': 0}
2025-04-09T00:03:09.623686,0.0,{'BOND': 0}
2025-04-09T00:03:09.877097,0.0,{'BOND': 0}
2025-04-09T00:03:10.131895,0.0,{'BOND': 0}
2025-04-09T00:03:10.385206,0.0,{'BOND': 0}
2025-04-09T00:03:10.639109,0.0,{'BOND': 0}
2025-04-09T00:03:10.895086,0.0,{'BOND': 0}
2025-04-09T00:03:11.150744,0.0,{'BOND': 0}
2025-04-09T00:03:11.405726,0.0,{'BOND': 0}
2025-04-09T00:03:11.662001,0.0,{'BOND': 0}
2025-04-09T00:03:11.917734,0.0,{'BOND': 0}
2025-04-09T00:03:12.171611,0.0,{'BOND': 0}
2025-04-09T00:03:12.426358,0.0,{'BOND': 0}
2025-04-09T00:03:12.681534,0.0,{'BOND': 0}
2025-04-09T00:03:12.936375,0.0,{'BOND': 0}
2025-04-09T00:03:13.190966,0.0,{'BOND': 0}
2025-04-09T00:03:13.446374,0.0,{'BOND': 0}
2025-04-09T00:03:13.700598,0.0,{'BOND': 0}
2025-04-09T00:03:13.955690,0.0,{'BOND': 0}
2025-04-09T00:03:14.210377,0.0,{'BOND': 0}
2025-04-09T00:03:14.464511,0.0,{'BOND': 0}
2025-04-09T00:03:14.718195,0.0,{'BOND': 0}
2025-04-09T00:03:14.973436,0.0,{'BOND': 0}
2025-04-09T00:03:15.228378,0.0,{'BOND': 0}
2025-04-09T00:03:15.482685,0.0,{'BOND': 0}
2025-04-09T00:03:15.737369,0.0,{'BOND': 0}
2025-04-09T00:03:15.990866,0.0,{'BOND': 0}
2025-04-09T00:03:16.244222,0.0,{'BOND': 0}
2025-04-09T00:03:16.499226,0.0,{'BOND': 0}
2025-04-09T00:03:16.753819,0.0,{'BOND': 0}
2025-04-09T00:03:17.007713,0.0,{'BOND': 0}
2025-04-09T00:03:17.262013,0.0,{'BOND': 0}
2025-04-09T00:03:17.516499,0.0,{'BOND': 0}
2025-04-09T00:03:17.769766,0.0,{'BOND': 0}
2025-04-09T00:03:18.025072,0.0,{'BOND': 0}
2025-04-09T00:03:18.279617,0.0,{'BOND': 0}
2025-04-09T00:03:18.534274,0.0,{'BOND': 0}
2025-04-09T00:03:18.789463,0.0,{'BOND': 0}
2025-04-09T00:03:19.043861,0.0,{'BOND': 0}
2025-04-09T00:03:19.299025,0.0,{'BOND': 0}
2025-04-09T00:03:19.552432,0.0,{'BOND': 0}
2025-04-09T00:03:19.806505,0.0,{'BOND': 0}
2025-04-09T00:03:20.061106,0.0,{'BOND': 0}
2025-04-09T00:03:20.315950,0.0,{'BOND': 0}
2025-04-09T00:03:20.569743,0.0,{'BOND': 0}
2025-04-09T00:03:20.823559,0.0,{'BOND': 0}
2025-04-09T00:03:21.078329,0.0,{'BOND': 0}
2025-04-09T00:03:21.332736,0.0,{'BOND': 0}
2025-04-09T00:03:21.587265,0.0,{'BOND': 0}
2025-04-09T00:03:21.843443,0.0,{'BOND': 0}
2025-04-09T00:03:22.098616,0.0,{'BOND': 0}
2025-04-09T00:03:22.353777,0.0,{'BOND': 0}
2025-04-09T00:03:22.608197,0.0,{'BOND': 0}
2025-04-09T00:03:22.863036,0.0,{'BOND': 0}
2025-04-09T00:03:23.119173,0.0,{'BOND': 0}
2025-04-09T00:03:23.374710,0.0,{'BOND': 0}
2025-04-09T00:03:23.628846,0.0,{'BOND': 0}
2025-04-09T00:03:23.882069,0.0,{'BOND': 0}
2025-04-09T00:03:24.137029,0.0,{'BOND': 0}
2025-04-09T00:03:24.394495,0.0,{'BOND': 0}
2025-04-09T00:03:24.648647,0.0,{'BOND': 0}
2025-04-09T00:03:24.902984,0.0,{'BOND': 0}
2025-04-09T00:03:25.158179,0.0,{'BOND': 0}
2025-04-09T00:03:25.411142,0.0,{'BOND': 0}
2025-04-09T00:03:25.667064,0.0,{'BOND': 0}
2025-04-09T00:03:25.921962,0.0,{'BOND': 0}
2025-04-09T00:03:26.176286,0.0,{'BOND': 0}
2025-04-09T00:03:26.429949,0.0,{'BOND': 0}
2025-04-09T00:03:26.683863,0.0,{'BOND': 0}
2025-04-09T00:03:26.938742,0.0,{'BOND': 0}
2025-04-09T00:03:27.193790,0.0,{'BOND': 0}
2025-04-09T00:03:27.448946,0.0,{'BOND': 0}
2025-04-09T00:03:27.703308,0.0,{'BOND': 0}
2025-04-09T00:03:27.957899,0.0,{'BOND': 0}
2025-04-09T00:03:28.212341,0.0,{'BOND': 0}
2025-04-09T00:03:28.465810,0.0,{'BOND': 0}
2025-04-09T00:03:28.721141,0.0,{'BOND': 0}
2025-04-09T00:03:28.976287,0.0,{'BOND': 0}
2025-04-09T00:03:29.231550,0.0,{'BOND': 0}
2025-04-09T00:03:29.486610,0.0,{'BOND': 0}
2025-04-09T00:03:29.740745,0.0,{'BOND': 0}
2025-04-09T00:03:29.994358,0.0,{'BOND': 0}
2025-04-09T00:03:30.249024,0.0,{'BOND': 0}
2025-04-09T00:03:30.502746,0.0,{'BOND': 0}
2025-04-09T00:03:30.757856,0.0,{'BOND': 0}
2025-04-09T00:03:31.011255,0.0,{'BOND': 0}
2025-04-09T00:03:31.266422,0.0,{'BOND': 0}
2025-04-09T00:03:31.521570,0.0,{'BOND': 0}
2025-04-09T00:03:31.775337,0.0,{'BOND': 0}
2025-04-09T00:03:32.028442,0.0,{'BOND': 0}
2025-04-09T00:03:32.282360,0.0,{'BOND': 0}
2025-04-09T00:03:32.535487,0.0,{'BOND': 0}
2025-04-09T00:03:32.789990,0.0,{'BOND': 0}
2025-04-09T00:03:33.044659,0.0,{'BOND': 0}
2025-04-09T00:03:33.299745,0.0,{'BOND': 0}
2025-04-09T00:03:33.554960,0.0,{'BOND': 0}
2025-04-09T00:03:33.810257,0.0,{'BOND': 0}
2025-04-09T00:03:34.063706,0.0,{'BOND': 0}
2025-04-09T00:03:34.317603,0.0,{'BOND': 0}
2025-04-09T00:03:34.570855,0.0,{'BOND': 0}
2025-04-09T00:03:34.825540,0.0,{'BOND': 0}
2025-04-09T00:03:35.079439,0.0,{'BOND': 0}
2025-04-09T00:03:35.333864,0.0,{'BOND': 0}
2025-04-09T00:03:35.589221,0.0,{'BOND': 0}
2025-04-09T00:03:35.844935,0.0,{'BOND': 0}
2025-04-09T00:03:36.099291,0.0,{'BOND': 0}
2025-04-09T00:03:36.352563,0.0,{'BOND': 0}
2025-04-09T00:03:36.607068,0.0,{'BOND': 0}
2025-04-09T00:03:36.862291,0.0,{'BOND': 0}
2025-04-09T00:03:37.117506,0.0,{'BOND': 0}
2025-04-09T00:03:37.371208,0.0,{'BOND': 0}
2025-04-09T00:03:37.625296,0.0,{'BOND': 0}
2025-04-09T00:03:37.878303,0.0,{'BOND': 0}
2025-04-09T00:03:38.132294,0.0,{'BOND': 0}
2025-04-09T00:03:38.386626,0.0,{'BOND': 0}
2025-04-09T00:03:38.651714,0.0,{'BOND': 0}
2025-04-09T00:03:38.906466,0.0,{'BOND': 0}
2025-04-09T00:03:39.160135,0.0,{'BOND': 0}
2025-04-09T00:03:39.413841,0.0,{'BOND': 0}
2025-04-09T00:03:39.667663,0.0,{'BOND': 0}
2025-04-09T00:03:39.921694,0.0,{'BOND': 0}
2025-04-09T00:03:40.176101,0.0,{'BOND': 0}
2025-04-09T00:03:40.430006,0.0,{'BOND': 0}
2025-04-09T00:03:40.685175,0.0,{'BOND': 0}
2025-04-09T00:03:40.939878,0.0,{'BOND': 0}
2025-04-09T00:03:41.194710,0.0,{'BOND': 0}
2025-04-09T00:03:41.448891,0.0,{'BOND': 0}
2025-04-09T00:03:41.703177,0.0,{'BOND': 0}
2025-04-09T00:03:41.956216,0.0,{'BOND': 0}
2025-04-09T00:03:42.208912,0.0,{'BOND': 0}
2025-04-09T00:03:42.465828,0.0,{'BOND': 0}
2025-04-09T00:03:42.721340,0.0,{'BOND': 0}
2025-04-09T00:03:42.979435,0.0,{'BOND': 0}
2025-04-09T00:03:43.235418,0.0,{'BOND': 0}
2025-04-09T00:03:43.489940,0.0,{'BOND': 0}
2025-04-09T00:03:43.745325,0.0,{'BOND': 0}
2025-04-09T00:03:43.999531,0.0,{'BOND': 0}
2025-04-09T00:03:44.254482,0.0,{'BOND': 0}
2025-04-09T00:03:44.510190,0.0,{'BOND': 0}
2025-04-09T00:03:44.765086,0.0,{'BOND': 0}
2025-04-09T00:03:45.019293,0.0,{'BOND': 0}
2025-04-09T00:03:45.272519,0.0,{'BOND': 0}
2025-04-09T00:03:45.527320,0.0,{'BOND': 0}
2025-04-09T00:03:45.781773,0.0,{'BOND': 0}
2025-04-09T00:03:46.037914,0.0,{'BOND': 0}
2025-04-09T00:03:46.292547,0.0,{'BOND': 0}
2025-04-09T00:03:46.547614,0.0,{'BOND': 0}
2025-04-09T00:03:46.802906,0.0,{'BOND': 0}
2025-04-09T00:03:47.058283,0.0,{'BOND': 0}
2025-04-09T00:03:47.312527,0.0,{'BOND': 0}
2025-04-09T00:03:47.566059,0.0,{'BOND': 0}
2025-04-09T00:03:47.821129,0.0,{'BOND': 0}
2025-04-09T00:03:48.075996,0.0,{'BOND': 0}
2025-04-09T00:03:48.331248,0.0,{'BOND': 0}
2025-04-09T00:03:48.585856,0.0,{'BOND': 0}
2025-04-09T00:03:48.840819,0.0,{'BOND': 0}
2025-04-09T00:03:49.096878,0.0,{'BOND': 0}
2025-04-09T00:03:49.350797,0.0,{'BOND': 0}
2025-04-09T00:03:49.605412,0.0,{'BOND': 0}
2025-04-09T00:03:49.859326,0.0,{'BOND': 0}
2025-04-09T00:03:50.113918,0.0,{'BOND': 0}
2025-04-09T00:03:50.367585,0.0,{'BOND': 0}
2025-04-09T00:03:50.621778,0.0,{'BOND': 0}
2025-04-09T00:03:50.876834,0.0,{'BOND': 0}
2025-04-09T00:03:51.130728,0.0,{'BOND': 0}
2025-04-09T00:03:51.384932,0.0,{'BOND': 0}
2025-04-09T00:03:51.639405,0.0,{'BOND': 0}
2025-04-09T00:03:51.895721,0.0,{'BOND': 0}
2025-04-09T00:03:52.150687,0.0,{'BOND': 0}
2025-04-09T00:03:52.405499,0.0,{'BOND': 0}
2025-04-09T00:03:52.660939,0.0,{'BOND': 0}
2025-04-09T00:03:52.914867,0.0,{'BOND': 0}
2025-04-09T00:03:53.170259,0.0,{'BOND': 0}
2025-04-09T00:03:53.424777,0.0,{'BOND': 0}
2025-04-09T00:03:53.679981,0.0,{'BOND': 0}
2025-04-09T00:03:53.935080,0.0,{'BOND': 0}
2025-04-09T00:03:54.189073,0.0,{'BOND': 0}
2025-04-09T00:03:54.443364,0.0,{'BOND': 0}
2025-04-09T00:03:54.697364,0.0,{'BOND': 0}
2025-04-09T00:03:54.953492,0.0,{'BOND': 0}
2025-04-09T00:03:55.208306,0.0,{'BOND': 0}
2025-04-09T00:03:55.462775,0.0,{'BOND': 0}
2025-04-09T00:03:55.717921,0.0,{'BOND': 0}
2025-04-09T00:03:55.973113,0.0,{'BOND': 0}
2025-04-09T00:03:56.227443,0.0,{'BOND': 0}
2025-04-09T00:03:56.482501,0.0,{'BOND': 0}
2025-04-09T00:03:56.736610,0.0,{'BOND': 0}
2025-04-09T00:03:56.990071,0.0,{'BOND': 0}
2025-04-09T00:03:57.245308,0.0,{'BOND': 0}
2025-04-09T00:03:57.501052,0.0,{'BOND': 0}
2025-04-09T00:03:57.755140,0.0,{'BOND': 0}
2025-04-09T00:03:58.010404,0.0,{'BOND': 0}
2025-04-09T00:03:58.264856,0.0,{'BOND': 0}
2025-04-09T00:03:58.519858,0.0,{'BOND': 0}
2025-04-09T00:03:58.775085,0.0,{'BOND': 0}
2025-04-09T00:03:59.030033,0.0,{'BOND': 0}
2025-04-09T00:03:59.283782,0.0,{'BOND': 0}
2025-04-09T00:03:59.537780,0.0,{'BOND': 0}
2025-04-09T00:03:59.792466,0.0,{'BOND': 0}
2025-04-09T00:04:00.047439,0.0,{'BOND': 0}
2025-04-09T00:04:00.303508,0.0,{'BOND': 0}
2025-04-09T00:04:00.558732,0.0,{'BOND': 0}
2025-04-09T00:04:00.813849,0.0,{'BOND': 0}
2025-04-09T00:04:01.068709,0.0,{'BOND': 0}
2025-04-09T00:04:01.322424,0.0,{'BOND': 0}
2025-04-09T00:04:01.576971,0.0,{'BOND': 0}
2025-04-09T00:04:01.832210,0.0,{'BOND': 0}
2025-04-09T00:04:02.089763,0.0,{'BOND': 0}
2025-04-09T00:04:02.345228,0.0,{'BOND': 0}
2025-04-09T00:04:02.598900,0.0,{'BOND': 0}
2025-04-09T00:04:02.853884,0.0,{'BOND': 0}
2025-04-09T00:04:03.108194,0.0,{'BOND': 0}
2025-04-09T00:04:03.363025,0.0,{'BOND': 0}
2025-04-09T00:04:03.618088,0.0,{'BOND': 0}
2025-04-09T00:04:03.872553,0.0,{'BOND': 0}
2025-04-09T00:04:04.125756,0.0,{'BOND': 0}
2025-04-09T00:04:04.380010,0.0,{'BOND': 0}
2025-04-09T00:04:04.635558,0.0,{'BOND': 0}
2025-04-09T00:04:04.890698,0.0,{'BOND': 0}
2025-04-09T00:04:05.144125,0.0,{'BOND': 0}
2025-04-09T00:04:05.397292,0.0,{'BOND': 0}
2025-04-09T00:04:05.652191,0.0,{'BOND': 0}
2025-04-09T00:04:05.906382,0.0,{'BOND': 0}
2025-04-09T00:04:06.160862,0.0,{'BOND': 0}
2025-04-09T00:04:06.415336,0.0,{'BOND': 0}
2025-04-09T00:04:06.670588,0.0,{'BOND': 0}
2025-04-09T00:04:06.924288,0.0,{'BOND': 0}
2025-04-09T00:04:07.178400,0.0,{'BOND': 0}
2025-04-09T00:04:07.430487,0.0,{'BOND': 0}
2025-04-09T00:04:07.684793,0.0,{'BOND': 0}
2025-04-09T00:04:07.939646,0.0,{'BOND': 0}
2025-04-09T00:04:08.195292,0.0,{'BOND': 0}
2025-04-09T00:04:08.450488,0.0,{'BOND': 0}
2025-04-09T00:04:08.705579,0.0,{'BOND': 0}
2025-04-09T00:04:08.960682,0.0,{'BOND': 0}
2025-04-09T00:04:09.215421,0.0,{'BOND': 0}
2025-04-09T00:04:09.469937,0.0,{'BOND': 0}
2025-04-09T00:04:09.725056,0.0,{'BOND': 0}
2025-04-09T00:04:09.979866,0.0,{'BOND': 0}
2025-04-09T00:04:10.233985,0.0,{'BOND': 0}
2025-04-09T00:04:10.487476,0.0,{'BOND': 0}
2025-04-09T00:04:10.740807,0.0,{'BOND': 0}
2025-04-09T00:04:10.996421,0.0,{'BOND': 0}
2025-04-09T00:04:11.250124,0.0,{'BOND': 0}
2025-04-09T00:04:11.504818,0.0,{'BOND': 0}
2025-04-09T00:04:11.760693,0.0,{'BOND': 0}
2025-04-09T00:04:12.017049,0.0,{'BOND': 0}
2025-04-09T00:04:12.273026,0.0,{'BOND': 0}
2025-04-09T00:04:12.528605,0.0,{'BOND': 0}
2025-04-09T00:04:12.783792,0.0,{'BOND': 0}
2025-04-09T00:04:13.038492,0.0,{'BOND': 0}
2025-04-09T00:04:13.295489,0.0,{'BOND': 0}
2025-04-09T00:04:13.551452,0.0,{'BOND': 0}
2025-04-09T00:04:13.806414,0.0,{'BOND': 0}
2025-04-09T00:04:14.060592,0.0,{'BOND': 0}
2025-04-09T00:04:14.315048,0.0,{'BOND': 0}
2025-04-09T00:04:14.568870,0.0,{'BOND': 0}
2025-04-09T00:04:14.823880,0.0,{'BOND': 0}
2025-04-09T00:04:15.078886,0.0,{'BOND': 0}
2025-04-09T00:04:15.334198,0.0,{'BOND': 0}
2025-04-09T00:04:15.587998,0.0,{'BOND': 0}
2025-04-09T00:04:15.841377,0.0,{'BOND': 0}
2025-04-09T00:04:16.096317,0.0,{'BOND': 0}
2025-04-09T00:04:16.350520,0.0,{'BOND': 0}
2025-04-09T00:04:16.607036,0.0,{'BOND': 0}
2025-04-09T00:04:16.860645,0.0,{'BOND': 0}
2025-04-09T00:04:17.115822,0.0,{'BOND': 0}
2025-04-09T00:04:17.371962,0.0,{'BOND': 0}
2025-04-09T00:04:17.625984,0.0,{'BOND': 0}
2025-04-09T00:04:17.879652,0.0,{'BOND': 0}
2025-04-09T00:04:18.134061,0.0,{'BOND': 0}
2025-04-09T00:04:18.389311,0.0,{'BOND': 0}
2025-04-09T00:04:18.645806,0.0,{'BOND': 0}
2025-04-09T00:04:18.901920,0.0,{'BOND': 0}
2025-04-09T00:04:19.156817,0.0,{'BOND': 0}
2025-04-09T00:04:19.411936,0.0,{'BOND': 0}
2025-04-09T00:04:19.666094,0.0,{'BOND': 0}
2025-04-09T00:04:19.920958,0.0,{'BOND': 0}
2025-04-09T00:04:20.177494,0.0,{'BOND': 0}
2025-04-09T00:04:20.431076,0.0,{'BOND': 0}
2025-04-09T00:04:20.687253,0.0,{'BOND': 0}
2025-04-09T00:04:20.941092,0.0,{'BOND': 0}
2025-04-09T00:04:21.195068,0.0,{'BOND': 0}
2025-04-09T00:04:21.450128,0.0,{'BOND': 0}
2025-04-09T00:04:21.705381,0.0,{'BOND': 0}
2025-04-09T00:04:21.959791,0.0,{'BOND': 0}
2025-04-09T00:04:22.213752,0.0,{'BOND': 0}
2025-04-09T00:04:22.467283,0.0,{'BOND': 0}
2025-04-09T00:04:22.720318,0.0,{'BOND': 0}
2025-04-09T00:04:22.973936,0.0,{'BOND': 0}
2025-04-09T00:04:23.227124,0.0,{'BOND': 0}
2025-04-09T00:04:23.480882,0.0,{'BOND': 0}
2025-04-09T00:04:23.734245,0.0,{'BOND': 0}
2025-04-09T00:04:23.988454,0.0,{'BOND': 0}
2025-04-09T00:04:24.243248,0.0,{'BOND': 0}
2025-04-09T00:04:24.498611,0.0,{'BOND': 0}
2025-04-09T00:04:24.753731,0.0,{'BOND': 0}
2025-04-09T00:04:25.008817,0.0,{'BOND': 0}
2025-04-09T00:04:25.262693,0.0,{'BOND': 0}
2025-04-09T00:04:25.516946,0.0,{'BOND': 0}
2025-04-09T00:04:25.770100,0.0,{'BOND': 0}
2025-04-09T00:04:26.022683,0.0,{'BOND': 0}
2025-04-09T00:04:26.275672,0.0,{'BOND': 0}
2025-04-09T00:04:26.530048,0.0,{'BOND': 0}
2025-04-09T00:04:26.784787,0.0,{'BOND': 0}
2025-04-09T00:04:27.039345,0.0,{'BOND': 0}
2025-04-09T00:04:27.296019,0.0,{'BOND': 0}
2025-04-09T00:04:27.549934,0.0,{'BOND': 0}
2025-04-09T00:04:27.803031,0.0,{'BOND': 0}
2025-04-09T00:04:28.056626,0.0,{'BOND': 0}
2025-04-09T00:04:28.310172,0.0,{'BOND': 0}
2025-04-09T00:04:28.564988,0.0,{'BOND': 0}
2025-04-09T00:04:28.818874,0.0,{'BOND': 0}
2025-04-09T00:04:29.073203,0.0,{'BOND': 0}
2025-04-09T00:04:29.328021,0.0,{'BOND': 0}
2025-04-09T00:04:29.581823,0.0,{'BOND': 0}
2025-04-09T00:04:29.835458,0.0,{'BOND': 0}
2025-04-09T00:04:30.088946,0.0,{'BOND': 0}
2025-04-09T00:04:30.342464,0.0,{'BOND': 0}
2025-04-09T00:04:30.596049,0.0,{'BOND': 0}
2025-04-09T00:04:30.850584,0.0,{'BOND': 0}
2025-04-09T00:04:31.104859,0.0,{'BOND': 0}
2025-04-09T00:04:31.358982,0.0,{'BOND': 0}
2025-04-09T00:04:31.613530,0.0,{'BOND': 0}
2025-04-09T00:04:31.867108,0.0,{'BOND': 0}
2025-04-09T00:04:32.121284,0.0,{'BOND': 0}
2025-04-09T00:04:32.374516,0.0,{'BOND': 0}
2025-04-09T00:04:32.627844,0.0,{'BOND': 0}
2025-04-09T00:04:32.882642,0.0,{'BOND': 0}
2025-04-09T00:04:33.135982,0.0,{'BOND': 0}
2025-04-09T00:04:33.391071,0.0,{'BOND': 0}
2025-04-09T00:04:33.645533,0.0,{'BOND': 0}
2025-04-09T00:04:33.901144,0.0,{'BOND': 0}
2025-04-09T00:04:34.155645,0.0,{'BOND': 0}
2025-04-09T00:04:34.409880,0.0,{'BOND': 0}
2025-04-09T00:04:34.666021,0.0,{'BOND': 0}
2025-04-09T00:04:34.921354,0.0,{'BOND': 0}
2025-04-09T00:04:35.177629,0.0,{'BOND': 0}
2025-04-09T00:04:35.432204,0.0,{'BOND': 0}
2025-04-09T00:04:35.688431,0.0,{'BOND': 0}
2025-04-09T00:04:35.944816,0.0,{'BOND': 0}
2025-04-09T00:04:36.200634,0.0,{'BOND': 0}
2025-04-09T00:04:36.458682,0.0,{'BOND': 0}
2025-04-09T00:04:36.716204,0.0,{'BOND': 0}
2025-04-09T00:04:36.971900,0.0,{'BOND': 0}
2025-04-09T00:04:37.225837,0.0,{'BOND': 0}
2025-04-09T00:04:37.480000,0.0,{'BOND': 0}
2025-04-09T00:04:37.736308,0.0,{'BOND': 0}
2025-04-09T00:04:37.992490,0.0,{'BOND': 0}
2025-04-09T00:04:38.249360,0.0,{'BOND': 0}
2025-04-09T00:04:38.505093,0.0,{'BOND': 0}
2025-04-09T00:04:38.762802,0.0,{'BOND': 0}
2025-04-09T00:04:39.019417,0.0,{'BOND': 0}
2025-04-09T00:04:39.276370,0.0,{'BOND': 0}
2025-04-09T00:04:39.533861,0.0,{'BOND': 0}
2025-04-09T00:04:39.790900,0.0,{'BOND': 0}
2025-04-09T00:04:40.048179,0.0,{'BOND': 0}
2025-04-09T00:04:40.305862,0.0,{'BOND': 0}
2025-04-09T00:04:40.560330,0.0,{'BOND': 0}
2025-04-09T00:04:40.816002,0.0,{'BOND': 0}
2025-04-09T00:04:41.073437,0.0,{'BOND': 0}
2025-04-09T00:04:41.328038,0.0,{'BOND': 0}
2025-04-09T00:04:41.584694,0.0,{'BOND': 0}
2025-04-09T00:04:41.842527,0.0,{'BOND': 0}
2025-04-09T00:04:42.099886,0.0,{'BOND': 0}
2025-04-09T00:04:42.356710,0.0,{'BOND': 0}
2025-04-09T00:04:42.612936,0.0,{'BOND': 0}
2025-04-09T00:04:42.867309,0.0,{'BOND': 0}
2025-04-09T00:04:43.121345,0.0,{'BOND': 0}
2025-04-09T00:04:43.378343,0.0,{'BOND': 0}
2025-04-09T00:04:43.633724,0.0,{'BOND': 0}
2025-04-09T00:04:43.889916,0.0,{'BOND': 0}
2025-04-09T00:04:44.145833,0.0,{'BOND': 0}
2025-04-09T00:04:44.403315,0.0,{'BOND': 0}
2025-04-09T00:04:44.659628,0.0,{'BOND': 0}
2025-04-09T00:04:44.915437,0.0,{'BOND': 0}
2025-04-09T00:04:45.172903,0.0,{'BOND': 0}
2025-04-09T00:04:45.427826,0.0,{'BOND': 0}
2025-04-09T00:04:45.684397,0.0,{'BOND': 0}
2025-04-09T00:04:45.942444,0.0,{'BOND': 0}
2025-04-09T00:04:46.199485,0.0,{'BOND': 0}
2025-04-09T00:04:46.455761,0.0,{'BOND': 0}
2025-04-09T00:04:46.710872,0.0,{'BOND': 0}
2025-04-09T00:04:46.968081,0.0,{'BOND': 0}
2025-04-09T00:04:47.223937,0.0,{'BOND': 0}
2025-04-09T00:04:47.479450,0.0,{'BOND': 0}
2025-04-09T00:04:47.736125,0.0,{'BOND': 0}
2025-04-09T00:04:47.991496,0.0,{'BOND': 0}
2025-04-09T00:04:48.246413,0.0,{'BOND': 0}
2025-04-09T00:04:48.501151,0.0,{'BOND': 0}
2025-04-09T00:04:48.756528,0.0,{'BOND': 0}
2025-04-09T00:04:49.012984,0.0,{'BOND': 0}
2025-04-09T00:04:49.268955,0.0,{'BOND': 0}
2025-04-09T00:04:49.525618,0.0,{'BOND': 0}
2025-04-09T00:04:49.782685,0.0,{'BOND': 0}
2025-04-09T00:04:50.041703,0.0,{'BOND': 0}
2025-04-09T00:04:50.297649,0.0,{'BOND': 0}
2025-04-09T00:04:50.555335,0.0,{'BOND': 0}
2025-04-09T00:04:50.816245,0.0,{'BOND': 0}
2025-04-09T00:04:51.072124,0.0,{'BOND': 0}
2025-04-09T00:04:51.325666,0.0,{'BOND': 0}
2025-04-09T00:04:51.583114,0.0,{'BOND': 0}
2025-04-09T00:04:51.840749,0.0,{'BOND': 0}
2025-04-09T00:04:52.097085,0.0,{'BOND': 0}
2025-04-09T00:04:52.352389,0.0,{'BOND': 0}
2025-04-09T00:04:52.606125,0.0,{'BOND': 0}
2025-04-09T00:04:52.861974,0.0,{'BOND': 0}
2025-04-09T00:04:53.118198,0.0,{'BOND': 0}
2025-04-09T00:04:53.374793,0.0,{'BOND': 0}
2025-04-09T00:04:53.631528,0.0,{'BOND': 0}
2025-04-09T00:04:53.888086,0.0,{'BOND': 0}
2025-04-09T00:04:54.144307,0.0,{'BOND': 0}
2025-04-09T00:04:54.398806,0.0,{'BOND': 0}
2025-04-09T00:04:54.653821,0.0,{'BOND': 0}
2025-04-09T00:04:54.908823,0.0,{'BOND': 0}
2025-04-09T00:04:55.165637,0.0,{'BOND': 0}
2025-04-09T00:04:55.419382,0.0,{'BOND': 0}
2025-04-09T00:04:55.675675,0.0,{'BOND': 0}
2025-04-09T00:04:55.934060,0.0,{'BOND': 0}
2025-04-09T00:04:56.188623,0.0,{'BOND': 0}
2025-04-09T00:04:56.442704,0.0,{'BOND': 0}
2025-04-09T00:04:56.697017,0.0,{'BOND': 0}
2025-04-09T00:04:56.952699,0.0,{'BOND': 0}
2025-04-09T00:04:57.210436,0.0,{'BOND': 0}
2025-04-09T00:04:57.468219,0.0,{'BOND': 0}
2025-04-09T00:04:57.724997,0.0,{'BOND': 0}
2025-04-09T00:04:57.982260,0.0,{'BOND': 0}
2025-04-09T00:04:58.239957,0.0,{'BOND': 0}
2025-04-09T00:04:58.496534,0.0,{'BOND': 0}
2025-04-09T00:04:58.753389,0.0,{'BOND': 0}
2025-04-09T00:04:59.010682,0.0,{'BOND': 0}
2025-04-09T00:04:59.267417,0.0,{'BOND': 0}
2025-04-09T00:04:59.523882,0.0,{'BOND': 0}
2025-04-09T00:04:59.779296,0.0,{'BOND': 0}
2025-04-09T00:05:00.034790,0.0,{'BOND': 0}
2025-04-09T00:05:00.292054,0.0,{'BOND': 0}
2025-04-09T00:05:00.545957,0.0,{'BOND': 0}
2025-04-09T00:05:00.803144,0.0,{'BOND': 0}
2025-04-09T00:05:01.059658,0.0,{'BOND': 0}
2025-04-09T00:05:01.314262,0.0,{'BOND': 0}
2025-04-09T00:05:01.571400,0.0,{'BOND': 0}
2025-04-09T00:05:01.827844,0.0,{'BOND': 0}
2025-04-09T00:05:02.085253,0.0,{'BOND': 0}
2025-04-09T00:05:02.340664,0.0,{'BOND': 0}
2025-04-09T00:05:02.596568,0.0,{'BOND': 0}
2025-04-09T00:05:02.852743,0.0,{'BOND': 0}
2025-04-09T00:05:03.109985,0.0,{'BOND': 0}
2025-04-09T00:05:03.367062,0.0,{'BOND': 0}
2025-04-09T00:05:03.622695,0.0,{'BOND': 0}
2025-04-09T00:05:03.878735,0.0,{'BOND': 0}
2025-04-09T00:05:04.136039,0.0,{'BOND': 0}
2025-04-09T00:05:04.392653,0.0,{'BOND': 0}
2025-04-09T00:05:04.649480,0.0,{'BOND': 0}
2025-04-09T00:05:04.907548,0.0,{'BOND': 0}
2025-04-09T00:05:05.164173,0.0,{'BOND': 0}
2025-04-09T00:05:05.419038,0.0,{'BOND': 0}
2025-04-09T00:05:05.675458,0.0,{'BOND': 0}
2025-04-09T00:05:05.932239,0.0,{'BOND': 0}
2025-04-09T00:05:06.190486,0.0,{'BOND': 0}
2025-04-09T00:05:06.447162,0.0,{'BOND': 0}
2025-04-09T00:05:06.703487,0.0,{'BOND': 0}
2025-04-09T00:05:06.959754,0.0,{'BOND': 0}
2025-04-09T00:05:07.216489,0.0,{'BOND': 0}
2025-04-09T00:05:07.472806,0.0,{'BOND': 0}
2025-04-09T00:05:07.729192,0.0,{'BOND': 0}
2025-04-09T00:05:07.985307,0.0,{'BOND': 0}
2025-04-09T00:05:08.241351,0.0,{'BOND': 0}
2025-04-09T00:05:08.498359,0.0,{'BOND': 0}
2025-04-09T00:05:08.753618,0.0,{'BOND': 0}
2025-04-09T00:05:09.010241,0.0,{'BOND': 0}
2025-04-09T00:05:09.267783,0.0,{'BOND': 0}
2025-04-09T00:05:09.524100,0.0,{'BOND': 0}
2025-04-09T00:05:09.784191,0.0,{'BOND': 0}
2025-04-09T00:05:10.040491,0.0,{'BOND': 0}
2025-04-09T00:05:10.297435,0.0,{'BOND': 0}
2025-04-09T00:05:10.552780,0.0,{'BOND': 0}
2025-04-09T00:05:10.809281,0.0,{'BOND': 0}
2025-04-09T00:05:11.067632,0.0,{'BOND': 0}
2025-04-09T00:05:11.322105,0.0,{'BOND': 0}
2025-04-09T00:05:11.577868,0.0,{'BOND': 0}
2025-04-09T00:05:11.833951,0.0,{'BOND': 0}
2025-04-09T00:05:12.090180,0.0,{'BOND': 0}
2025-04-09T00:05:12.347789,0.0,{'BOND': 0}
2025-04-09T00:05:12.604846,0.0,{'BOND': 0}
2025-04-09T00:05:12.862716,0.0,{'BOND': 0}
2025-04-09T00:05:13.118770,0.0,{'BOND': 0}
2025-04-09T00:05:13.376073,0.0,{'BOND': 0}
2025-04-09T00:05:13.632759,0.0,{'BOND': 0}
2025-04-09T00:05:13.888996,0.0,{'BOND': 0}
2025-04-09T00:05:14.145282,0.0,{'BOND': 0}
2025-04-09T00:05:14.402515,0.0,{'BOND': 0}
2025-04-09T00:05:14.660373,0.0,{'BOND': 0}
2025-04-09T00:05:14.915617,0.0,{'BOND': 0}
2025-04-09T00:05:15.171928,0.0,{'BOND': 0}
2025-04-09T00:05:15.426370,0.0,{'BOND': 0}
2025-04-09T00:05:15.682132,0.0,{'BOND': 0}
2025-04-09T00:05:15.940087,0.0,{'BOND': 0}
2025-04-09T00:05:16.199466,0.0,{'BOND': 0}
2025-04-09T00:05:16.457386,0.0,{'BOND': 0}
2025-04-09T00:05:16.714582,0.0,{'BOND': 0}
2025-04-09T00:05:16.971858,0.0,{'BOND': 0}
2025-04-09T00:05:17.228017,0.0,{'BOND': 0}
2025-04-09T00:05:17.483918,0.0,{'BOND': 0}
2025-04-09T00:05:17.741284,0.0,{'BOND': 0}
2025-04-09T00:05:17.998861,0.0,{'BOND': 0}
2025-04-09T00:05:18.254822,0.0,{'BOND': 0}
2025-04-09T00:05:18.508964,0.0,{'BOND': 0}
2025-04-09T00:05:18.764669,0.0,{'BOND': 0}
2025-04-09T00:05:19.022213,0.0,{'BOND': 0}
2025-04-09T00:05:19.278901,0.0,{'BOND': 0}
2025-04-09T00:05:19.536311,0.0,{'BOND': 0}
2025-04-09T00:05:19.792935,0.0,{'BOND': 0}
2025-04-09T00:05:20.050432,0.0,{'BOND': 0}
2025-04-09T00:05:20.308008,0.0,{'BOND': 0}
2025-04-09T00:05:20.563395,0.0,{'BOND': 0}
2025-04-09T00:05:20.819370,0.0,{'BOND': 0}
2025-04-09T00:05:21.074549,0.0,{'BOND': 0}
2025-04-09T00:05:21.332627,0.0,{'BOND': 0}
2025-04-09T00:05:21.589247,0.0,{'BOND': 0}
2025-04-09T00:05:21.846183,0.0,{'BOND': 0}
2025-04-09T00:05:22.102303,0.0,{'BOND': 0}
2025-04-09T00:05:22.359531,0.0,{'BOND': 0}
2025-04-09T00:05:22.615981,0.0,{'BOND': 0}
2025-04-09T00:05:22.873186,0.0,{'BOND': 0}
2025-04-09T00:05:23.130839,0.0,{'BOND': 0}
2025-04-09T00:05:23.386559,0.0,{'BOND': 0}
2025-04-09T00:05:23.643843,0.0,{'BOND': 0}
2025-04-09T00:05:23.900792,0.0,{'BOND': 0}
2025-04-09T00:05:24.157062,0.0,{'BOND': 0}
2025-04-09T00:05:24.412035,0.0,{'BOND': 0}
2025-04-09T00:05:24.667166,0.0,{'BOND': 0}
2025-04-09T00:05:24.923190,0.0,{'BOND': 0}
2025-04-09T00:05:25.178999,0.0,{'BOND': 0}
2025-04-09T00:05:25.432464,0.0,{'BOND': 0}
2025-04-09T00:05:25.687964,0.0,{'BOND': 0}
2025-04-09T00:05:25.944809,0.0,{'BOND': 0}
2025-04-09T00:05:26.202513,0.0,{'BOND': 0}
2025-04-09T00:05:26.460256,0.0,{'BOND': 0}
2025-04-09T00:05:26.717829,0.0,{'BOND': 0}
2025-04-09T00:05:26.974192,0.0,{'BOND': 0}
2025-04-09T00:05:27.231503,0.0,{'BOND': 0}
2025-04-09T00:05:27.488972,0.0,{'BOND': 0}
2025-04-09T00:05:27.746879,0.0,{'BOND': 0}
2025-04-09T00:05:28.002656,0.0,{'BOND': 0}
2025-04-09T00:05:28.258997,0.0,{'BOND': 0}
2025-04-09T00:05:28.516503,0.0,{'BOND': 0}
2025-04-09T00:05:28.774036,0.0,{'BOND': 0}
2025-04-09T00:05:29.030698,0.0,{'BOND': 0}
2025-04-09T00:05:29.287259,0.0,{'BOND': 0}
2025-04-09T00:05:29.542982,0.0,{'BOND': 0}
2025-04-09T00:05:29.798508,0.0,{'BOND': 0}
2025-04-09T00:05:30.055785,0.0,{'BOND': 0}
2025-04-09T00:05:30.313881,0.0,{'BOND': 0}
2025-04-09T00:05:30.569338,0.0,{'BOND': 0}
2025-04-09T00:05:30.825083,0.0,{'BOND': 0}
2025-04-09T00:05:31.082303,0.0,{'BOND': 0}
2025-04-09T00:05:31.337198,0.0,{'BOND': 0}
2025-04-09T00:05:31.593614,0.0,{'BOND': 0}
2025-04-09T00:05:31.850657,0.0,{'BOND': 0}
2025-04-09T00:05:32.110060,0.0,{'BOND': 0}
2025-04-09T00:05:32.366866,0.0,{'BOND': 0}
2025-04-09T00:05:32.622815,0.0,{'BOND': 0}
2025-04-09T00:05:32.878671,0.0,{'BOND': 0}
2025-04-09T00:05:33.133901,0.0,{'BOND': 0}
2025-04-09T00:05:33.390533,0.0,{'BOND': 0}
2025-04-09T00:05:33.648035,0.0,{'BOND': 0}
2025-04-09T00:05:33.905582,0.0,{'BOND': 0}
2025-04-09T00:05:34.163624,0.0,{'BOND': 0}
2025-04-09T00:05:34.420181,0.0,{'BOND': 0}
2025-04-09T00:05:34.678028,0.0,{'BOND': 0}
2025-04-09T00:05:34.935231,0.0,{'BOND': 0}
2025-04-09T00:05:35.192766,0.0,{'BOND': 0}
2025-04-09T00:05:35.447515,0.0,{'BOND': 0}
2025-04-09T00:05:35.704503,0.0,{'BOND': 0}
2025-04-09T00:05:35.960807,0.0,{'BOND': 0}
2025-04-09T00:05:36.216238,0.0,{'BOND': 0}
2025-04-09T00:05:36.473892,0.0,{'BOND': 0}
2025-04-09T00:05:36.731420,0.0,{'BOND': 0}
2025-04-09T00:05:36.987904,0.0,{'BOND': 0}
2025-04-09T00:05:37.244477,0.0,{'BOND': 0}
2025-04-09T00:05:37.500938,0.0,{'BOND': 0}
2025-04-09T00:05:37.758241,0.0,{'BOND': 0}
2025-04-09T00:05:38.015868,0.0,{'BOND': 0}
2025-04-09T00:05:38.273259,0.0,{'BOND': 0}
2025-04-09T00:05:38.529470,0.0,{'BOND': 0}
2025-04-09T00:05:38.786256,0.0,{'BOND': 0}
2025-04-09T00:05:39.042298,0.0,{'BOND': 0}
2025-04-09T00:05:39.298151,0.0,{'BOND': 0}
